{"_default": {"6": {"id": 1, "name": "Nguyen Van A", "age": 20, "timestamp": 1781017587.9500484}, "7": {"id": 2, "name": "Nguyen Van D", "age": 24, "timestamp": 1781018049.9841208}, "8": {"id": 4, "name": "Nguyen Van H", "age": 36, "timestamp": 1781018081.304509}, "9": {"id": 6, "name": "Nguyen Van K", "age": 20, "timestamp": 1781018114.7097638}, "10": {"id": 3, "name": "Nguyen Van Chien", "age": 21, "timestamp": 1781020545.2651486}, "11": {"id": 10, "name": "Tran Thi OKE", "age": 21, "timestamp": 1781169282.2095232, "node_id": 1}, "12": {"id": 20, "name": "Yasuo", "age": 36, "timestamp": 1781169769.7033348, "node_id": 1}}}