{"_default": {"12": {"id": 20, "name": "Yasuo", "age": 36, "timestamp": 1781169769.7033348, "node_id": 1}, "13": {"id": 11, "name": "Tran Thi Binh", "age": 26, "timestamp": 1781536362.245332, "node_id": 1}, "15": {"id": 1, "name": "Dao Manh Vuong", "age": 22, "timestamp": 1781538404.009585, "node_id": 2}}}